"fiscalyear","dist","district_name","source","expenditures_per_pupil","amount","enrollment_category","enrollment_category_number","topic","proficient","total","percent_proficient","proficient_category"
2017,"0009","AGWSR","Instruction",7989,4997256,"600-999","3","Reading",32,41,"78.00","70.1 - 80%"
2017,"0441","AHSTW","Instruction",7318,5744497,"600-999","3","Reading",45,54,"83.30","80.1 - 90%"
2017,"0027","Adel DeSoto Minburn","Instruction",7174,11256504,"1,000-2,499","4","Reading",105,116,"90.50","90.1 - 100%"
2017,"0063","Akron Westfield","Instruction",8339,4302923,"300-599","2","Reading",29,34,"85.30","80.1 - 90%"
2017,"0081","Albia","Instruction",7048,8506189,"1,000-2,499","4","Reading",63,77,"81.80","80.1 - 90%"
2017,"0099","Alburnett","Instruction",8564,4422485,"300-599","2","Reading",37,45,"82.20","80.1 - 90%"
2017,"0126","Algona","Instruction",9527,12607711,"1,000-2,499","4","Reading",83,98,"84.70","80.1 - 90%"
2017,"0135","Allamakee","Instruction",6924,7859834,"1,000-2,499","4","Reading",62,78,"79.50","70.1 - 80%"
2017,"0171","Alta","Instruction",8773,4684098,"300-599","2","Reading",45,53,"84.90","80.1 - 90%"
2017,"0225","Ames","Instruction",8293,34673691,"2,500-7,499","5","Reading",238,285,"83.50","80.1 - 90%"
2017,"0234","Anamosa","Instruction",7226,8910925,"1,000-2,499","4","Reading",72,92,"78.30","70.1 - 80%"
2017,"0261","Ankeny","Instruction",6824,73651217,"7,500+","6","Reading",609,668,"91.20","90.1 - 100%"
2017,"0279","Aplington-Parkersburg","Instruction",7687,6474009,"600-999","3","Reading",55,67,"82.10","80.1 - 90%"
2017,"0355","Ar-We-Va","Instruction",8419,2392802,"<300","1","Reading",12,14,"85.70","80.1 - 90%"
2017,"0387","Atlantic","Instruction",8461,11866392,"1,000-2,499","4","Reading",92,107,"86.00","80.1 - 90%"
2017,"0414","Audubon","Instruction",7543,3954045,"300-599","2","Reading",25,28,"89.30","80.1 - 90%"
2017,"0540","BCLUW","Instruction",7498,4285294,"300-599","2","Reading",38,47,"80.90","80.1 - 90%"
2017,"0472","Ballard","Instruction",7302,11703629,"1,000-2,499","4","Reading",102,123,"82.90","80.1 - 90%"
2017,"0504","Battle Creek-Ida Grove","Instruction",9448,6032585,"600-999","3","Reading",52,60,"86.70","80.1 - 90%"
2017,"0513","Baxter","Instruction",7966,2755396,"300-599","2","Reading",27,30,"90.00","80.1 - 90%"
2017,"0549","Bedford","Instruction",7256,3482084,"300-599","2","Reading",25,26,"96.20","90.1 - 100%"
2017,"0576","Belle Plaine","Instruction",7391,4037666,"300-599","2","Reading",28,35,"80.00","70.1 - 80%"
2017,"0585","Bellevue","Instruction",7784,4367650,"300-599","2","Reading",35,42,"83.30","80.1 - 90%"
2017,"0594","Belmond-Klemme","Instruction",7907,6335574,"600-999","3","Reading",34,48,"70.80","70.1 - 80%"
2017,"0609","Benton","Instruction",6907,10243290,"1,000-2,499","4","Reading",101,114,"88.60","80.1 - 90%"
2017,"0621","Bettendorf","Instruction",8205,33287056,"2,500-7,499","5","Reading",292,333,"87.70","80.1 - 90%"
2017,"0720","Bondurant-Farrar","Instruction",6409,11623721,"1,000-2,499","4","Reading",105,120,"87.50","80.1 - 90%"
2017,"0729","Boone","Instruction",7912,16350231,"1,000-2,499","4","Reading",142,171,"83.00","80.1 - 90%"
2017,"0747","Boyden-Hull","Instruction",8004,4895415,"600-999","3","Reading",32,40,"80.00","70.1 - 80%"
2017,"1917","Boyer Valley","Instruction",7845,3324816,"300-599","2","Reading",32,38,"84.20","80.1 - 90%"
2017,"0846","Brooklyn-Guernsey-Malcom","Instruction",7964,4252178,"300-599","2","Reading",28,34,"82.40","80.1 - 90%"
2017,"0882","Burlington","Instruction",7712,34377483,"2,500-7,499","5","Reading",171,239,"71.50","70.1 - 80%"
2017,"0916","CAL","Instruction",10086,2633418,"<300","1","Reading",14,21,"66.70","60.1 - 70%"
2017,"0914","CAM","Instruction",14230,6673777,"300-599","2","Reading",59,75,"78.70","70.1 - 80%"
2017,"0918","Calamus-Wheatland","Instruction",7705,3691360,"300-599","2","Reading",27,29,"93.10","90.1 - 100%"
2017,"0936","Camanche","Instruction",7685,6741492,"600-999","3","Reading",62,78,"79.50","70.1 - 80%"
2017,"0977","Cardinal","Instruction",9620,5411393,"300-599","2","Reading",31,38,"81.60","80.1 - 90%"
2017,"0981","Carlisle","Instruction",6385,12165841,"1,000-2,499","4","Reading",125,143,"87.40","80.1 - 90%"
2017,"0999","Carroll","Instruction",7534,12945274,"1,000-2,499","4","Reading",103,121,"85.10","80.1 - 90%"
2017,"1044","Cedar Falls","Instruction",7721,39009022,"2,500-7,499","5","Reading",306,328,"93.30","90.1 - 100%"
2017,"1053","Cedar Rapids","Instruction",7586,128505148,"7,500+","6","Reading",751,1031,"72.80","70.1 - 80%"
2017,"1062","Center Point-Urbana","Instruction",7478,10170309,"1,000-2,499","4","Reading",98,108,"90.70","90.1 - 100%"
2017,"1071","Centerville","Instruction",7971,10643212,"1,000-2,499","4","Reading",65,82,"79.30","70.1 - 80%"
2017,"1080","Central","Instruction",8314,3727362,"300-599","2","Reading",29,37,"78.40","70.1 - 80%"
2017,"1089","Central City","Instruction",7395,3534172,"300-599","2","Reading",26,30,"86.70","80.1 - 90%"
2017,"1082","Central DeWitt","Instruction",7448,10806567,"1,000-2,499","4","Reading",112,119,"94.10","90.1 - 100%"
2017,"1093","Central Decatur","Instruction",7417,5073097,"600-999","3","Reading",33,36,"91.70","90.1 - 100%"
2017,"1079","Central Lee","Instruction",9859,7750464,"600-999","3","Reading",66,87,"75.90","70.1 - 80%"
2017,"1095","Central Lyon","Instruction",7675,5894172,"600-999","3","Reading",30,39,"76.90","70.1 - 80%"
2017,"4772","Central Springs","Instruction",7846,6362859,"600-999","3","Reading",44,51,"86.30","80.1 - 90%"
2017,"1107","Chariton","Instruction",7178,9322264,"1,000-2,499","4","Reading",64,88,"72.70","70.1 - 80%"
2017,"1116","Charles City","Instruction",7834,11996662,"1,000-2,499","4","Reading",87,106,"82.10","80.1 - 90%"
2017,"1134","Charter Oak-Ute","Instruction",9045,2481134,"<300","1","Reading",7,14,"50.00","40.1 - 50%"
2017,"1152","Cherokee","Instruction",7823,7365995,"600-999","3","Reading",50,66,"75.80","70.1 - 80%"
2017,"1197","Clarinda","Instruction",7053,6934201,"600-999","3","Reading",51,67,"76.10","70.1 - 80%"
2017,"1206","Clarion-Goldfield-Dows","Instruction",8426,8014079,"600-999","3","Reading",59,70,"84.30","80.1 - 90%"
2017,"1211","Clarke","Instruction",7755,11138745,"1,000-2,499","4","Reading",59,85,"69.40","60.1 - 70%"
2017,"1215","Clarksville","Instruction",8163,2791757,"300-599","2","Reading",16,22,"72.70","70.1 - 80%"
2017,"1218","Clay Central-Everly","Instruction",8991,3281588,"300-599","2","Reading",14,21,"66.70","60.1 - 70%"
2017,"2763","Clayton Ridge","Instruction",10714,6294680,"300-599","2","Reading",54,67,"80.60","80.1 - 90%"
2017,"1221","Clear Creek Amana","Instruction",8001,15163348,"1,000-2,499","4","Reading",84,107,"78.50","70.1 - 80%"
2017,"1233","Clear Lake","Instruction",8324,10174025,"1,000-2,499","4","Reading",82,103,"79.60","70.1 - 80%"
2017,"1278","Clinton","Instruction",7776,29909106,"2,500-7,499","5","Reading",147,194,"75.80","70.1 - 80%"
2017,"1332","Colfax-Mingo","Instruction",7590,5559582,"600-999","3","Reading",38,43,"88.40","80.1 - 90%"
2017,"1337","College","Instruction",7872,38948060,"2,500-7,499","5","Reading",280,358,"78.20","70.1 - 80%"
2017,"1350","Collins-Maxwell","Instruction",8057,3898860,"300-599","2","Reading",26,33,"78.80","70.1 - 80%"
2017,"1359","Colo-NESCO","Instruction",8174,3985458,"300-599","2","Reading",25,32,"78.10","70.1 - 80%"
2017,"1368","Columbus","Instruction",7625,6236692,"600-999","3","Reading",27,47,"57.40","50.1 - 60%"
2017,"1413","Coon Rapids-Bayard","Instruction",8106,3247454,"300-599","2","Reading",29,30,"96.70","90.1 - 100%"
2017,"1431","Corning","Instruction",9746,4108039,"300-599","2","Reading",34,43,"79.10","70.1 - 80%"
2017,"1476","Council Bluffs","Instruction",8298,75724562,"7,500+","6","Reading",336,517,"65.00","60.1 - 70%"
2017,"1503","Creston","Instruction",7929,11650884,"1,000-2,499","4","Reading",105,121,"86.80","80.1 - 90%"
2017,"1576","Dallas Center-Grimes","Instruction",7420,18423833,"1,000-2,499","4","Reading",159,185,"85.90","80.1 - 90%"
2017,"1602","Danville","Instruction",8875,4539423,"300-599","2","Reading",36,39,"92.30","90.1 - 100%"
2017,"1611","Davenport","Instruction",7896,124761593,"7,500+","6","Reading",643,973,"66.10","60.1 - 70%"
2017,"1619","Davis County","Instruction",7412,8716002,"1,000-2,499","4","Reading",53,69,"76.80","70.1 - 80%"
2017,"1638","Decorah Community","Instruction",8600,11929449,"1,000-2,499","4","Reading",118,125,"94.40","90.1 - 100%"
2017,"1701","Denison","Instruction",7417,14866654,"1,000-2,499","4","Reading",120,153,"78.40","70.1 - 80%"
2017,"1719","Denver","Instruction",7038,5053569,"600-999","3","Reading",44,46,"95.70","90.1 - 100%"
2017,"1737","Des Moines Independent","Instruction",8230,268153634,"7,500+","6","Reading",1176,1841,"63.90","60.1 - 70%"
2017,"1791","Dike-New Hartford","Instruction",7382,6641867,"600-999","3","Reading",40,57,"70.20","70.1 - 80%"
2017,"1863","Dubuque","Instruction",8079,85535074,"7,500+","6","Reading",532,717,"74.20","70.1 - 80%"
2017,"1908","Dunkerton","Instruction",7428,3307165,"300-599","2","Reading",27,36,"75.00","70.1 - 80%"
2017,"1926","Durant","Instruction",8086,4621935,"300-599","2","Reading",37,50,"74.00","70.1 - 80%"
2017,"1944","Eagle Grove","Instruction",8426,7066208,"600-999","3","Reading",30,48,"62.50","60.1 - 70%"
2017,"1953","Earlham","Instruction",7608,4624619,"600-999","3","Reading",44,53,"83.00","80.1 - 90%"
2017,"1963","East Buchanan","Instruction",8125,4367969,"300-599","2","Reading",39,47,"83.00","80.1 - 90%"
2017,"3978","East Mills","Instruction",7091,3931038,"300-599","2","Reading",23,24,"95.80","90.1 - 100%"
2017,"6741","East Sac County","Instruction",7967,7167144,"600-999","3","Reading",46,66,"69.70","60.1 - 70%"
2017,"1970","East Union","Instruction",8159,4212363,"300-599","2","Reading",25,31,"80.60","80.1 - 90%"
2017,"1972","Eastern Allamakee","Instruction",7716,2672977,"300-599","2","Reading",24,24,"100.00","90.1 - 100%"
2017,"1965","Easton Valley","Instruction",8094,5026639,"600-999","3","Reading",27,36,"75.00","70.1 - 80%"
2017,"0657","Eddyville-Blakesburg-","Instruction",8113,7133925,"600-999","3","Reading",37,55,"67.30","60.1 - 70%"
2017,"1989","Edgewood-Colesburg","Instruction",9374,3749535,"300-599","2","Reading",26,38,"68.40","60.1 - 70%"
2017,"2007","Eldora-New Providence","Instruction",9318,5843343,"600-999","3","Reading",40,51,"78.40","70.1 - 80%"
2017,"2088","Emmetsburg","Instruction",9048,6081925,"600-999","3","Reading",40,55,"72.70","70.1 - 80%"
2017,"2097","English Valleys","Instruction",9264,4207606,"300-599","2","Reading",20,23,"87.00","80.1 - 90%"
2017,"2113","Essex","Instruction",9467,1923731,"<300","1","Reading",11,17,"64.70","60.1 - 70%"
2017,"2124","Estherville Lincoln","Instruction",7504,10331155,"1,000-2,499","4","Reading",73,93,"78.50","70.1 - 80%"
2017,"2151","Exira-Elk Horn-","Instruction",8303,3403272,"300-599","2","Reading",19,25,"76.00","70.1 - 80%"
2017,"2169","Fairfield","Instruction",7225,12066957,"1,000-2,499","4","Reading",83,103,"80.60","80.1 - 90%"
2017,"2295","Forest City","Instruction",8270,9027591,"1,000-2,499","4","Reading",81,93,"87.10","80.1 - 90%"
2017,"2313","Fort Dodge","Instruction",7314,27551246,"2,500-7,499","5","Reading",177,250,"70.80","70.1 - 80%"
2017,"2322","Fort Madison","Instruction",7399,16375679,"1,000-2,499","4","Reading",94,118,"79.70","70.1 - 80%"
2017,"2369","Fremont-Mills","Instruction",8110,3795662,"300-599","2","Reading",18,30,"60.00","50.1 - 60%"
2017,"2682","GMG","Instruction",11637,3481803,"<300","1","Reading",25,30,"83.30","80.1 - 90%"
2017,"2376","Galva-Holstein","Instruction",8480,3782075,"300-599","2","Reading",39,54,"72.20","70.1 - 80%"
2017,"2403","Garner-Hayfield-Ventura","Instruction",8941,8051937,"600-999","3","Reading",68,81,"84.00","80.1 - 90%"
2017,"2457","George-Little Rock","Instruction",7433,3441671,"300-599","2","Reading",22,31,"71.00","70.1 - 80%"
2017,"2466","Gilbert","Instruction",7900,10988328,"1,000-2,499","4","Reading",103,105,"98.10","90.1 - 100%"
2017,"2502","Gladbrook-Reinbeck","Instruction",7527,4419090,"300-599","2","Reading",27,41,"65.90","60.1 - 70%"
2017,"2511","Glenwood","Instruction",6801,13595417,"1,000-2,499","4","Reading",108,125,"86.40","80.1 - 90%"
2017,"2520","Glidden-Ralston","Instruction",9902,2673465,"<300","1","Reading",14,17,"82.40","80.1 - 90%"
2017,"2556","Graettinger-Terril","Instruction",8561,3039130,"300-599","2","Reading",16,18,"88.90","80.1 - 90%"
2017,"3195","Greene County","Instruction",7860,10208004,"1,000-2,499","4","Reading",84,94,"89.40","80.1 - 90%"
2017,"2709","Grinnell-Newburg","Instruction",7472,11976648,"1,000-2,499","4","Reading",107,122,"87.70","80.1 - 90%"
2017,"2718","Griswold","Instruction",7596,4017386,"300-599","2","Reading",34,42,"81.00","80.1 - 90%"
2017,"2727","Grundy Center","Instruction",7994,5071992,"600-999","3","Reading",39,44,"88.60","80.1 - 90%"
2017,"2754","Guthrie Center","Instruction",9267,4207212,"300-599","2","Reading",36,42,"85.70","80.1 - 90%"
2017,"2766","H-L-V","Instruction",7778,2719846,"300-599","2","Reading",16,19,"84.20","80.1 - 90%"
2017,"2781","Hampton-Dumont","Instruction",8572,10373934,"1,000-2,499","4","Reading",54,70,"77.10","70.1 - 80%"
2017,"2826","Harlan","Instruction",7772,10973990,"1,000-2,499","4","Reading",117,133,"88.00","80.1 - 90%"
2017,"2846","Harris-Lake Park","Instruction",6812,2243945,"300-599","2","Reading",18,19,"94.70","90.1 - 100%"
2017,"2862","Hartley-Melvin-Sanborn","Instruction",8560,5431423,"600-999","3","Reading",23,34,"67.60","60.1 - 70%"
2017,"2977","Highland","Instruction",9014,5560985,"600-999","3","Reading",35,44,"79.50","70.1 - 80%"
2017,"2988","Hinton","Instruction",10385,5441597,"300-599","2","Reading",41,48,"85.40","80.1 - 90%"
2017,"3029","Howard-Winneshiek","Instruction",7972,9546827,"1,000-2,499","4","Reading",70,89,"78.70","70.1 - 80%"
2017,"3042","Hudson","Instruction",8098,5500447,"600-999","3","Reading",40,44,"90.90","90.1 - 100%"
2017,"3060","Humboldt","Instruction",8196,9916760,"1,000-2,499","4","Reading",91,103,"88.30","80.1 - 90%"
2017,"3168","IKM-Manning","Instruction",7608,5215447,"600-999","3","Reading",36,43,"83.70","80.1 - 90%"
2017,"3105","Independence","Instruction",8018,11469991,"1,000-2,499","4","Reading",90,107,"84.10","80.1 - 90%"
2017,"3114","Indianola","Instruction",6845,23761274,"2,500-7,499","5","Reading",203,240,"84.60","80.1 - 90%"
2017,"3119","Interstate 35","Instruction",7356,6389443,"600-999","3","Reading",57,67,"85.10","80.1 - 90%"
2017,"3141","Iowa City","Instruction",7631,104330578,"7,500+","6","Reading",680,871,"78.10","70.1 - 80%"
2017,"3150","Iowa Falls","Instruction",8464,9198818,"1,000-2,499","4","Reading",79,97,"81.40","80.1 - 90%"
2017,"3154","Iowa Valley","Instruction",8276,4363903,"300-599","2","Reading",21,28,"75.00","70.1 - 80%"
2017,"3186","Janesville Consolidated","Instruction",8785,3303871,"300-599","2","Reading",24,27,"88.90","80.1 - 90%"
2017,"3204","Jesup","Instruction",7486,6620433,"600-999","3","Reading",43,49,"87.80","80.1 - 90%"
2017,"3231","Johnston","Instruction",7702,52036625,"2,500-7,499","5","Reading",416,467,"89.10","80.1 - 90%"
2017,"3312","Keokuk","Instruction",7767,14847375,"1,000-2,499","4","Reading",88,127,"69.30","60.1 - 70%"
2017,"3330","Keota","Instruction",9152,2945935,"300-599","2","Reading",16,20,"80.00","70.1 - 80%"
2017,"3348","Kingsley-Pierson","Instruction",7516,3639098,"300-599","2","Reading",31,37,"83.80","80.1 - 90%"
2017,"3375","Knoxville","Instruction",7060,12543448,"1,000-2,499","4","Reading",79,108,"73.10","70.1 - 80%"
2017,"3420","Lake Mills","Instruction",8842,5497191,"600-999","3","Reading",41,52,"78.80","70.1 - 80%"
2017,"3465","Lamoni","Instruction",9384,2671746,"<300","1","Reading",14,27,"51.90","50.1 - 60%"
2017,"3555","Lawton-Bronson","Instruction",7898,4725307,"300-599","2","Reading",30,35,"85.70","80.1 - 90%"
2017,"3600","Le Mars","Instruction",7203,15289707,"1,000-2,499","4","Reading",127,151,"84.10","80.1 - 90%"
2017,"3609","Lenox","Instruction",7994,3781098,"300-599","2","Reading",27,30,"90.00","80.1 - 90%"
2017,"3645","Lewis Central","Instruction",8809,22791741,"2,500-7,499","5","Reading",186,225,"82.70","80.1 - 90%"
2017,"3715","Linn-Mar","Instruction",7214,51925142,"2,500-7,499","5","Reading",412,493,"83.60","80.1 - 90%"
2017,"3744","Lisbon","Instruction",6978,4691357,"600-999","3","Reading",38,45,"84.40","80.1 - 90%"
2017,"3798","Logan-Magnolia","Instruction",8518,4727474,"300-599","2","Reading",46,58,"79.30","70.1 - 80%"
2017,"3816","Lone Tree","Instruction",8011,3039245,"300-599","2","Reading",24,29,"82.80","80.1 - 90%"
2017,"3841","Louisa-Muscatine","Instruction",8005,5896497,"600-999","3","Reading",52,59,"88.10","80.1 - 90%"
2017,"3906","Lynnville-Sully","Instruction",8221,3566913,"300-599","2","Reading",31,36,"86.10","80.1 - 90%"
2017,"4419","MFL MarMac","Instruction",7529,5891473,"600-999","3","Reading",36,43,"83.70","80.1 - 90%"
2017,"4149","MOC-Floyd Valley","Instruction",7348,10430134,"1,000-2,499","4","Reading",82,91,"90.10","90.1 - 100%"
2017,"3942","Madrid","Instruction",7069,4998670,"600-999","3","Reading",40,48,"83.30","80.1 - 90%"
2017,"4023","Manson Northwest Webster","Instruction",10036,6463383,"600-999","3","Reading",41,49,"83.70","80.1 - 90%"
2017,"4033","Maple Valley-Anthon Oto","Instruction",8143,5518665,"600-999","3","Reading",32,40,"80.00","70.1 - 80%"
2017,"4041","Maquoketa","Instruction",9136,12302163,"1,000-2,499","4","Reading",80,100,"80.00","70.1 - 80%"
2017,"4043","Maquoketa Valley","Instruction",7169,5025524,"600-999","3","Reading",39,52,"75.00","70.1 - 80%"
2017,"4068","Marcus-Meriden-Cleghorn","Instruction",9610,4212239,"300-599","2","Reading",17,24,"70.80","70.1 - 80%"
2017,"4086","Marion Independent","Instruction",8839,17457089,"1,000-2,499","4","Reading",143,162,"88.30","80.1 - 90%"
2017,"4104","Marshalltown","Instruction",8123,43222137,"2,500-7,499","5","Reading",210,328,"64.00","60.1 - 70%"
2017,"4122","Martensdale-St Marys","Instruction",8528,4478742,"300-599","2","Reading",28,44,"63.60","60.1 - 70%"
2017,"4131","Mason City","Instruction",8440,31546447,"2,500-7,499","5","Reading",164,231,"71.00","70.1 - 80%"
2017,"4203","Mediapolis","Instruction",7645,5827011,"600-999","3","Reading",50,53,"94.30","90.1 - 100%"
2017,"4212","Melcher-Dallas","Instruction",8207,2759312,"300-599","2","Reading",17,21,"81.00","80.1 - 90%"
2017,"4271","Mid-Prairie","Instruction",8388,10157613,"1,000-2,499","4","Reading",66,80,"82.50","80.1 - 90%"
2017,"4269","Midland","Instruction",7951,4255268,"300-599","2","Reading",12,27,"44.40","40.1 - 50%"
2017,"4356","Missouri Valley","Instruction",7189,6197219,"600-999","3","Reading",56,71,"78.90","70.1 - 80%"
2017,"4437","Montezuma","Instruction",8423,4340423,"300-599","2","Reading",33,38,"86.80","80.1 - 90%"
2017,"4446","Monticello","Instruction",7747,8135267,"1,000-2,499","4","Reading",73,82,"89.00","80.1 - 90%"
2017,"4491","Moravia","Instruction",8962,3042664,"300-599","2","Reading",14,21,"66.70","60.1 - 70%"
2017,"4505","Mormon Trail","Instruction",8520,2271319,"<300","1","Reading",8,10,"80.00","70.1 - 80%"
2017,"4509","Morning Sun","Instruction",8824,1881303,"<300","1","Reading",13,15,"86.70","80.1 - 90%"
2017,"4518","Moulton-Udell","Instruction",8016,1786832,"<300","1","Reading",10,11,"90.90","90.1 - 100%"
2017,"4527","Mount Ayr","Instruction",8165,5230212,"600-999","3","Reading",41,44,"93.20","90.1 - 100%"
2017,"4536","Mount Pleasant","Instruction",8118,16173880,"1,000-2,499","4","Reading",109,132,"82.60","80.1 - 90%"
2017,"4554","Mount Vernon","Instruction",8503,9395784,"1,000-2,499","4","Reading",81,90,"90.00","80.1 - 90%"
2017,"4572","Murray","Instruction",8320,2162383,"<300","1","Reading",19,20,"95.00","90.1 - 100%"
2017,"4581","Muscatine","Instruction",7475,38648036,"2,500-7,499","5","Reading",228,338,"67.50","60.1 - 70%"
2017,"4599","Nashua-Plainfield","Instruction",7694,4848286,"600-999","3","Reading",44,57,"77.20","70.1 - 80%"
2017,"4617","Nevada","Instruction",7463,11470792,"1,000-2,499","4","Reading",82,107,"76.60","70.1 - 80%"
2017,"4662","New Hampton","Instruction",7665,7526308,"600-999","3","Reading",63,84,"75.00","70.1 - 80%"
2017,"4689","New London","Instruction",8239,4107972,"300-599","2","Reading",29,38,"76.30","70.1 - 80%"
2017,"4644","Newell-Fonda","Instruction",7822,3655432,"300-599","2","Reading",34,51,"66.70","60.1 - 70%"
2017,"4725","Newton","Instruction",6821,20164002,"2,500-7,499","5","Reading",153,197,"77.70","70.1 - 80%"
2017,"2673","Nodaway Valley","Instruction",7320,4833552,"600-999","3","Reading",28,34,"82.40","80.1 - 90%"
2017,"0153","North Butler","Instruction",8363,5034654,"600-999","3","Reading",35,40,"87.50","80.1 - 90%"
2017,"3691","North Cedar","Instruction",7838,6465217,"600-999","3","Reading",44,56,"78.60","70.1 - 80%"
2017,"4774","North Fayette","Instruction",9778,7780326,"600-999","3","Reading",70,86,"81.40","80.1 - 90%"
2017,"0873","North Iowa","Instruction",7835,3768012,"300-599","2","Reading",20,28,"71.40","70.1 - 80%"
2017,"4777","North Linn","Instruction",6786,4471872,"600-999","3","Reading",31,41,"75.60","70.1 - 80%"
2017,"4776","North Mahaska","Instruction",9182,4469672,"300-599","2","Reading",29,39,"74.40","70.1 - 80%"
2017,"4779","North Polk","Instruction",6387,9689978,"1,000-2,499","4","Reading",86,100,"86.00","80.1 - 90%"
2017,"4784","North Scott","Instruction",6945,21376998,"2,500-7,499","5","Reading",186,225,"82.70","80.1 - 90%"
2017,"4785","North Tama County","Instruction",7965,3610447,"300-599","2","Reading",23,32,"71.90","70.1 - 80%"
2017,"0333","North Union","Instruction",9826,4126941,"300-599","2","Reading",27,44,"61.40","60.1 - 70%"
2017,"4773","Northeast","Instruction",10972,6057408,"300-599","2","Reading",60,74,"81.10","80.1 - 90%"
2017,"4788","Northwood-Kensett","Instruction",7807,3926786,"300-599","2","Reading",35,39,"89.70","80.1 - 90%"
2017,"4797","Norwalk","Instruction",6709,17755481,"2,500-7,499","5","Reading",165,197,"83.80","80.1 - 90%"
2017,"4869","Oelwein","Instruction",8373,10993195,"1,000-2,499","4","Reading",50,63,"79.40","70.1 - 80%"
2017,"4878","Ogden","Instruction",7968,5087598,"600-999","3","Reading",46,56,"82.10","80.1 - 90%"
2017,"4890","Okoboji","Instruction",8401,8058106,"600-999","3","Reading",47,53,"88.70","80.1 - 90%"
2017,"4978","Orient-Macksburg","Instruction",8955,1737358,"<300","1","Reading",5,10,"50.00","40.1 - 50%"
2017,"4995","Osage","Instruction",7583,7242205,"600-999","3","Reading",56,69,"81.20","80.1 - 90%"
2017,"5013","Oskaloosa","Instruction",7263,17225122,"1,000-2,499","4","Reading",113,158,"71.50","70.1 - 80%"
2017,"5049","Ottumwa","Instruction",7137,32994457,"2,500-7,499","5","Reading",202,267,"75.70","70.1 - 80%"
2017,"5121","Panorama","Instruction",7516,5479110,"600-999","3","Reading",42,52,"80.80","80.1 - 90%"
2017,"5139","Paton-Churdan","Instruction",9333,1847972,"<300","1","Reading",10,12,"83.30","80.1 - 90%"
2017,"5163","Pekin","Instruction",7933,5062829,"600-999","3","Reading",40,54,"74.10","70.1 - 80%"
2017,"5166","Pella","Instruction",6980,14941277,"1,000-2,499","4","Reading",133,153,"86.90","80.1 - 90%"
2017,"5184","Perry","Instruction",8188,14546520,"1,000-2,499","4","Reading",100,147,"68.00","60.1 - 70%"
2017,"5250","Pleasant Valley","Instruction",6962,31549860,"2,500-7,499","5","Reading",316,349,"90.50","90.1 - 100%"
2017,"5256","Pleasantville","Instruction",8780,5948561,"600-999","3","Reading",51,58,"87.90","80.1 - 90%"
2017,"5283","Pocahontas Area","Instruction",7954,5702085,"600-999","3","Reading",35,44,"79.50","70.1 - 80%"
2017,"5310","Postville","Instruction",8356,5633663,"600-999","3","Reading",18,48,"37.50","30.1 - 40%"
2017,"5463","Red Oak","Instruction",7358,8337480,"1,000-2,499","4","Reading",55,70,"78.60","70.1 - 80%"
2017,"5508","Riceville","Instruction",8802,2721607,"300-599","2","Reading",15,25,"60.00","50.1 - 60%"
2017,"1975","River Valley","Instruction",8384,3601891,"300-599","2","Reading",25,29,"86.20","80.1 - 90%"
2017,"5607","Rock Valley","Instruction",8605,6365161,"600-999","3","Reading",38,48,"79.20","70.1 - 80%"
2017,"5643","Roland-Story","Instruction",7701,7779848,"1,000-2,499","4","Reading",65,82,"79.30","70.1 - 80%"
2017,"5697","Rudd-Rockford-Marble Rk","Instruction",8445,3802117,"300-599","2","Reading",32,44,"72.70","70.1 - 80%"
2017,"5724","Ruthven-Ayrshire","Instruction",9129,2245727,"<300","1","Reading",12,14,"85.70","80.1 - 90%"
2017,"5805","Saydel","Instruction",9201,10585364,"1,000-2,499","4","Reading",61,92,"66.30","60.1 - 70%"
2017,"5877","Sergeant Bluff-Luton","Instruction",8656,12146009,"1,000-2,499","4","Reading",98,108,"90.70","90.1 - 100%"
2017,"5895","Seymour","Instruction",8044,2394613,"<300","1","Reading",9,11,"81.80","80.1 - 90%"
2017,"5949","Sheldon","Instruction",6732,7267083,"1,000-2,499","4","Reading",65,85,"76.50","70.1 - 80%"
2017,"5976","Shenandoah","Instruction",7028,7937643,"1,000-2,499","4","Reading",54,64,"84.40","80.1 - 90%"
2017,"5994","Sibley-Ocheyedan","Instruction",6489,4983889,"600-999","3","Reading",41,57,"71.90","70.1 - 80%"
2017,"6003","Sidney","Instruction",10883,4209356,"300-599","2","Reading",23,26,"88.50","80.1 - 90%"
2017,"6012","Sigourney","Instruction",7794,4127852,"300-599","2","Reading",30,39,"76.90","70.1 - 80%"
2017,"6030","Sioux Center","Instruction",8418,10058086,"1,000-2,499","4","Reading",73,84,"86.90","80.1 - 90%"
2017,"6039","Sioux City","Instruction",7501,109625866,"7,500+","6","Reading",634,875,"72.50","70.1 - 80%"
2017,"6093","Solon","Instruction",7190,9325129,"1,000-2,499","4","Reading",96,108,"88.90","80.1 - 90%"
2017,"6091","South Central Calhoun","Instruction",7115,6551952,"600-999","3","Reading",59,67,"88.10","80.1 - 90%"
2017,"6095","South Hamilton","Instruction",8607,5606036,"600-999","3","Reading",58,62,"93.50","90.1 - 100%"
2017,"6098","South Tama County","Instruction",7549,11657160,"1,000-2,499","4","Reading",73,104,"70.20","70.1 - 80%"
2017,"6100","South Winneshiek","Instruction",8640,4717393,"300-599","2","Reading",43,52,"82.70","80.1 - 90%"
2017,"6101","Southeast Polk","Instruction",7038,47869446,"2,500-7,499","5","Reading",354,462,"76.60","70.1 - 80%"
2017,"6094","Southeast Warren","Instruction",7568,4521126,"300-599","2","Reading",37,40,"92.50","90.1 - 100%"
2017,"6102","Spencer","Instruction",8366,15686910,"1,000-2,499","4","Reading",115,130,"88.50","80.1 - 90%"
2017,"6120","Spirit Lake","Instruction",7725,9044232,"1,000-2,499","4","Reading",83,97,"85.60","80.1 - 90%"
2017,"6138","Springville","Instruction",8279,2974513,"300-599","2","Reading",22,29,"75.90","70.1 - 80%"
2017,"5751","St Ansgar","Instruction",7858,4780766,"600-999","3","Reading",45,51,"88.20","80.1 - 90%"
2017,"6165","Stanton","Instruction",9072,1687370,"<300","1","Reading",12,13,"92.30","90.1 - 100%"
2017,"6175","Starmont","Instruction",7700,4777186,"600-999","3","Reading",40,46,"87.00","80.1 - 90%"
2017,"6219","Storm Lake","Instruction",8011,18599112,"1,000-2,499","4","Reading",104,143,"72.70","70.1 - 80%"
2017,"6273","Sumner-Fredericksburg","Instruction",7596,6323922,"600-999","3","Reading",34,42,"81.00","80.1 - 90%"
2017,"6408","Tipton","Instruction",6770,5899211,"600-999","3","Reading",54,64,"84.40","80.1 - 90%"
2017,"6453","Treynor","Instruction",8825,5049533,"300-599","2","Reading",38,40,"95.00","90.1 - 100%"
2017,"6460","Tri-Center","Instruction",7531,4877199,"600-999","3","Reading",41,47,"87.20","80.1 - 90%"
2017,"6462","Tri-County","Instruction",8993,2384111,"<300","1","Reading",18,23,"78.30","70.1 - 80%"
2017,"6471","Tripoli","Instruction",7477,3379555,"300-599","2","Reading",32,35,"91.40","90.1 - 100%"
2017,"6509","Turkey Valley","Instruction",8993,3068399,"300-599","2","Reading",26,31,"83.90","80.1 - 90%"
2017,"6512","Twin Cedars","Instruction",8582,2947912,"300-599","2","Reading",17,21,"81.00","80.1 - 90%"
2017,"6534","Underwood","Instruction",7497,5228408,"600-999","3","Reading",50,60,"83.30","80.1 - 90%"
2017,"6579","Urbandale","Instruction",8287,28246285,"2,500-7,499","5","Reading",233,287,"81.20","80.1 - 90%"
2017,"6592","Van Buren","Instruction",8734,5512140,"600-999","3","Reading",35,45,"77.80","70.1 - 80%"
2017,"6615","Van Meter","Instruction",8600,5210677,"600-999","3","Reading",59,65,"90.80","90.1 - 100%"
2017,"6660","Vinton-Shellsburg","Instruction",7849,12488353,"1,000-2,499","4","Reading",85,100,"85.00","80.1 - 90%"
2017,"6700","Waco","Instruction",8531,3990934,"300-599","2","Reading",22,27,"81.50","80.1 - 90%"
2017,"6759","Wapello","Instruction",8595,5743340,"600-999","3","Reading",38,50,"76.00","70.1 - 80%"
2017,"6762","Wapsie Valley","Instruction",7911,5456667,"600-999","3","Reading",38,50,"76.00","70.1 - 80%"
2017,"6768","Washington","Instruction",7417,12645948,"1,000-2,499","4","Reading",103,137,"75.20","70.1 - 80%"
2017,"6795","Waterloo","Instruction",7043,77023833,"7,500+","6","Reading",415,604,"68.70","60.1 - 70%"
2017,"6822","Waukee","Instruction",6621,62561878,"7,500+","6","Reading",482,550,"87.60","80.1 - 90%"
2017,"6840","Waverly-Shell Rock","Instruction",8147,16261181,"1,000-2,499","4","Reading",127,145,"87.60","80.1 - 90%"
2017,"6854","Wayne","Instruction",8121,4456934,"300-599","2","Reading",32,44,"72.70","70.1 - 80%"
2017,"6867","Webster City","Instruction",7769,11880962,"1,000-2,499","4","Reading",77,102,"75.50","70.1 - 80%"
2017,"6921","West Bend-Mallard","Instruction",8688,2789693,"300-599","2","Reading",21,26,"80.80","80.1 - 90%"
2017,"6930","West Branch","Instruction",7685,5910568,"600-999","3","Reading",53,61,"86.90","80.1 - 90%"
2017,"6937","West Burlington Ind","Instruction",12099,5714525,"300-599","2","Reading",56,62,"90.30","90.1 - 100%"
2017,"6943","West Central","Instruction",8109,2247842,"<300","1","Reading",11,15,"73.30","70.1 - 80%"
2017,"6264","West Central Valley","Instruction",7593,6964375,"600-999","3","Reading",41,48,"85.40","80.1 - 90%"
2017,"6950","West Delaware County","Instruction",7408,11149922,"1,000-2,499","4","Reading",95,107,"88.80","80.1 - 90%"
2017,"6957","West Des Moines","Instruction",8073,72754654,"7,500+","6","Reading",508,638,"79.60","70.1 - 80%"
2017,"5922","West Fork","Instruction",8802,5951034,"600-999","3","Reading",36,48,"75.00","70.1 - 80%"
2017,"0819","West Hancock","Instruction",7710,4641145,"600-999","3","Reading",28,34,"82.40","80.1 - 90%"
2017,"6969","West Harrison","Instruction",8667,2960713,"300-599","2","Reading",21,28,"75.00","70.1 - 80%"
2017,"6975","West Liberty","Instruction",7666,9663556,"1,000-2,499","4","Reading",66,97,"68.00","60.1 - 70%"
2017,"6983","West Lyon","Instruction",7326,6651782,"600-999","3","Reading",61,63,"96.80","90.1 - 100%"
2017,"6985","West Marshall","Instruction",6744,5863500,"600-999","3","Reading",56,66,"84.80","80.1 - 90%"
2017,"6987","West Monona","Instruction",6761,4678110,"600-999","3","Reading",28,35,"80.00","70.1 - 80%"
2017,"6990","West Sioux","Instruction",8400,6880134,"600-999","3","Reading",38,45,"84.40","80.1 - 90%"
2017,"6961","Western Dubuque","Instruction",7734,23595150,"2,500-7,499","5","Reading",242,307,"78.80","70.1 - 80%"
2017,"6992","Westwood","Instruction",8624,4536282,"300-599","2","Reading",32,38,"84.20","80.1 - 90%"
2017,"7002","Whiting","Instruction",9710,1802267,"<300","1","Reading",10,10,"100.00","90.1 - 100%"
2017,"7029","Williamsburg","Instruction",7273,8335899,"1,000-2,499","4","Reading",83,90,"92.20","90.1 - 100%"
2017,"7038","Wilton","Instruction",7173,5731862,"600-999","3","Reading",40,53,"75.50","70.1 - 80%"
2017,"7047","Winfield-Mt Union","Instruction",8463,3030528,"300-599","2","Reading",22,31,"71.00","70.1 - 80%"
2017,"7056","Winterset","Instruction",7105,12239214,"1,000-2,499","4","Reading",81,110,"73.60","70.1 - 80%"
2017,"7092","Woodbine","Instruction",7335,3492169,"300-599","2","Reading",13,19,"68.40","60.1 - 70%"
2017,"7098","Woodbury Central","Instruction",8567,4723611,"300-599","2","Reading",34,45,"75.60","70.1 - 80%"
2017,"7110","Woodward-Granger","Instruction",8385,7773950,"600-999","3","Reading",42,49,"85.70","80.1 - 90%"
